INSERT INTO `department` (`dptid`, `deptname`, `address`, `description`) VALUES
(1, 'MCA Department', 'Main Building 3rd floor South wing', 'Description NA'),
(2, 'MBA Department', 'Main Building 3rd floor north wing', 'Description NA'),
(3, 'Computer Engineering', 'Main Building 1st floor north wing', 'Description NA'),
(4, 'E&TC  Engineering', 'Main Building 1st floor South wing', 'Description NA'),
(5, 'Electrics  Engineering', 'Main Building 2nd floor north wing', 'Description NA'),
(6, 'IT Engineering', 'Main Building 2nd floor South wing', 'Description NA'),
(7, 'Mechanical Engineering', 'Main Building 4th floor north wing', 'Description NA'),
(8, 'FE Engineering', 'Main Building 4th floor South wing', 'Description NA'),
(9, 'Library', 'Librabry Section, besides Union Bank', 'Books and deposits managed'),
(10, 'Office Department', 'Main Buiding second floor', 'This is created for those who does not fall under any category');

INSERT INTO `clerk` (`clerkid`, `username`, `fname`, `sname`, `lname`, `designation`, `phone`, `email`, `password`, `dptid`) VALUES
(0, 'OSCleark123', 'Office', '', 'Cleark', 'Cleark', '', '', '5f4dcc3b5aa765d61d8327deb882cf99', 10);

INSERT INTO `hod` (`hodid`, `username`, `fname`, `sname`, `lname`, `designation`, `dptid`, `phone`, `email`, `password`) VALUES
(1, 'Pradeep2844', 'Pradeep', 'Ananadrao', 'Patil', 'HOD', 7, '9765542844', 'paptil73@yahoo.co.in', '5f4dcc3b5aa765d61d8327deb882cf99'),
(2, 'Manish2844', 'Manish', 'Subhash', 'Gardi', 'HOD', 8, '9890570405', 'manishgardi', '5f4dcc3b5aa765d61d8327deb882cf99'),
(3, 'Shailesh5715', 'Shailesh', 'Madhukar', 'Hambarde', 'HOD', 4, '9730475715', 'shaileshhambarde@gmail.com', '5f4dcc3b5aa765d61d8327deb882cf99'),
(4, 'Namdev6770', 'Namdev ', 'Ganpati', 'Padulkar', 'HOD', 5, '9890716770', 'padulkar_ng@gmail.com', '5f4dcc3b5aa765d61d8327deb882cf99'),
(5, 'Chandrakant8849', 'Chandrakant', 'Dattatraya', 'Hake', 'HOD', 2, '7588078849', 'hakechandrakant@gmail.com', '5f4dcc3b5aa765d61d8327deb882cf99'),
(6, 'Poonam3740', 'Poonam', 'Dayanand', 'Lambhate', 'HOD', 3, '9975563740', 'pinu_poonam@yahoo.co.in', '5f4dcc3b5aa765d61d8327deb882cf99'),
(7, 'Swayam2906', 'Swayam', 'Shashank', 'Shah', 'HOD', 1, '9890792906', 'meet_swayam@yahoo.co.in', '5f4dcc3b5aa765d61d8327deb882cf99'),
(8, 'Aruna3502', 'Aruna', 'Kailashnath', 'Gupta', 'HOD', 6, '9860953502', 'arunag7@gmail.com', '5f4dcc3b5aa765d61d8327deb882cf99'),
(9, 'Jagannath1473', 'Jagannath', 'Rama', 'Gawade', 'OS', 10, '9112191473', 'jrgawade786@gmail.com', '5f4dcc3b5aa765d61d8327deb882cf99'),
(10, 'Dnyaneshwar2223', 'Dnyaneshwar', 'Namdev', 'Kunjir', 'Librarian', 9, '9823842223', 'kunjirdn@gmail.com', '5f4dcc3b5aa765d61d8327deb882cf99');

INSERT INTO `principal` (`prnid`, `username`, `fname`, `sname`, `lname`, `designation`, `phone`, `email`, `password`) VALUES
(1, 'Rajendra8936', 'Rajendra', 'Devidas', 'Kanphade', 'Principal', '9657508936', 'kanphaderd2015@gmail.com', '5f4dcc3b5aa765d61d8327deb882cf99');


INSERT INTO `staff` (`staffid`, `username`, `fname`, `sname`, `lname`, `dptid`, `designation`, `phone`, `email`, `password`) VALUES
(51, 'Nidhi7793', 'Nidhi ', 'Deepak ', 'Sharma ', 8, 'AsstProfessor ', '9822517793 ', 'nidhi0927@gmail.com ', '5f4dcc3b5aa765d61d8327deb882cf99'),
(52, 'Sumit0039', 'Sumit ', 'N ', 'kumar ', 8, 'AsstProfessor ', '7387930039 ', 'sumit.pathak@yahoo.co.in ', '5f4dcc3b5aa765d61d8327deb882cf99'),
(53, 'Santoshkumar5550', 'Santoshkumar ', 'Ashok ', 'Lawate ', 8, 'AsstProfessor ', '7249555550 ', 'lawatesk@gmail.com ', '5f4dcc3b5aa765d61d8327deb882cf99'),
(54, 'Sai1437 ', 'Sai ', 'Digvijay ', 'Sheed ', 8, 'AsstProfessor ', '9970011437 ', 'saisheed16Qgmail.com ', '5f4dcc3b5aa765d61d8327deb882cf99'),
(55, 'Geetanjali8942 ', 'Geetanjali ', 'Prakash ', 'Anjali ', 8, 'AsstProfessor ', '9766958942 ', 'geetanjali.ap3@gmail.com ', '5f4dcc3b5aa765d61d8327deb882cf99'),
(56, 'Rasika3185 ', 'Rasika ', 'Sham ', 'Gulumkar ', 8, 'AsstProfessor ', '9960553185 ', 'rasikagulumkar@gmail.com ', '5f4dcc3b5aa765d61d8327deb882cf99'),
(57, 'Amar6963 ', 'Amar ', 'N ', 'Hatti ', 8, 'AsstProfessor ', '8147336963 ', 'amarhattime@gmail.com ', '5f4dcc3b5aa765d61d8327deb882cf99'),
(58, 'Kanchan9631 ', 'Kanchan ', 'Ashish ', 'Jojare ', 8, 'AsstProfessor ', '983459631 ', 'kjojare22@gmail.com ', '5f4dcc3b5aa765d61d8327deb882cf99'),
(59, 'Swati3353 ', 'Swati ', 'Ajit ', 'Deshpande ', 8, 'AsstProfessor ', '8923803353 ', 'swatiajit20023@gmail.com ', '5f4dcc3b5aa765d61d8327deb882cf99'),
(60, 'Trupti9571 ', 'Trupti ', 'Nanaso ', 'Pawar ', 8, 'AsstProfessor ', '9881389571 ', 'truptipawar0906@gmail.com ', '5f4dcc3b5aa765d61d8327deb882cf99'),
(61, 'Ankit8621 ', 'Ankit ', 'Pankaj ', 'Sadafale ', 8, 'AsstProfessor ', '9503368621 ', 'ankitamakode92@gmail.com ', '5f4dcc3b5aa765d61d8327deb882cf99'),
(62, 'Neeta2742 ', 'Neeta ', 'S. ', 'Pingle ', 4, 'AsstProfessor ', '9881122742 ', 'neetapinggle2020@gmail.com ', '5f4dcc3b5aa765d61d8327deb882cf99'),
(63, 'Pooja4030 ', 'Pooja ', 'Mhahadeva ', 'Reddy ', 4, 'AsstProfessor ', '9008894030 ', 'poojareddy@gmail.com ', '5f4dcc3b5aa765d61d8327deb882cf99'),
(64, 'Kalyani5543 ', 'Kalyani ', 'Vijasihn ', 'Gidde ', 4, 'AsstProfessor ', '7249345543 ', 'kalyanigidde28@gmail.com ', '5f4dcc3b5aa765d61d8327deb882cf99'),
(65, 'Niyati8772 ', 'Niyati ', 'N ', 'Sohni ', 4, 'AsstProfessor ', '9930718772 ', 'niyati23@gmail.com ', '5f4dcc3b5aa765d61d8327deb882cf99'),
(66, 'Rucha7185 ', 'Rucha ', 'Atul ', 'Jain ', 4, 'AsstProfessor ', '9823247185 ', 'ruchi79@gmail.com ', '5f4dcc3b5aa765d61d8327deb882cf99'),
(67, 'Pallavi0247 ', 'Pallavi ', 'Rahul ', 'Dadge ', 4, 'AsstProfessor ', '9822430247 ', 'pallavi_dadge@gmail.com ', '5f4dcc3b5aa765d61d8327deb882cf99'),
(68, 'Priyanka0435 ', 'Priyanka ', 'Rahul ', 'Pawar ', 4, 'AsstProfessor ', '8380850435 ', 'gaikwadpriyanka627@gmail.com ', '5f4dcc3b5aa765d61d8327deb882cf99'),
(69, 'Shubhangi4141 ', 'Shubhangi ', 'Parmeshwar ', 'Arbale ', 5, 'AsstProfessor ', '7276094141 ', 'shubhangi.arbale13@gmail.com ', '5f4dcc3b5aa765d61d8327deb882cf99'),
(70, 'Ayushi7520 ', 'Ayushi ', 'N ', 'Yadav ', 6, 'AsstProfessor ', '8827707520 ', 'ayushiyadav1194@gmail ', '5f4dcc3b5aa765d61d8327deb882cf99'),
(71, 'Vrushali1133 ', 'Vrushali ', 'Ravikumar ', 'Hake ', 6, 'AsstProfessor ', '7030801133 ', 'vrushalikokare@gmail.com ', '5f4dcc3b5aa765d61d8327deb882cf99'),
(72, 'Shradha2868 ', 'Shradha ', 'Bhagwan ', 'Farane ', 6, 'AsstProfessor ', '9623992868 ', 'jsshraddha29@gmail.com ', '5f4dcc3b5aa765d61d8327deb882cf99'),
(73, 'Atul8855 ', 'Atul ', 'Rameshrao ', 'Halmare ', 6, 'AsstProfessor ', '9096368855 ', 'atulrhalmare@gmail.com ', '5f4dcc3b5aa765d61d8327deb882cf99'),
(74, 'Sashi7949 ', 'Sashi ', 'Bhushan ', 'Rai ', 2, 'AsstProfessor ', '9975927949 ', 'sashibhushanrai@gmail.com ', '5f4dcc3b5aa765d61d8327deb882cf99'),
(75, 'Swapna3908 ', 'Swapna ', 'N ', 'Gadhve ', 2, 'AsstProfessor ', '9623693908 ', 'swapnaghule@gmail.com ', '5f4dcc3b5aa765d61d8327deb882cf99'),
(76, 'Pragya2000 ', 'Pragya ', 'N ', 'Tiwari ', 2, 'AsstProfessor ', '9575292000 ', 'pragya252@gmail.com ', '5f4dcc3b5aa765d61d8327deb882cf99'),
(77, 'Krutika0946 ', 'Krutika ', 'N ', 'Kakpure ', 1, 'AsstProfessor ', '9049610946 ', 'krutika31kakpure@gmail.com ', '5f4dcc3b5aa765d61d8327deb882cf99'),
(78, 'Susmita9285 ', 'Susmita ', 'Suresh ', 'Pise ', 8, 'AsstProfessor ', '7020619285 ', 'swhpise@gmail.com ', '5f4dcc3b5aa765d61d8327deb882cf99'),
(79, 'Ankita2668 ', 'Ankita ', 'Jhudele ', '(Gupta) ', 8, 'AsstProfessor ', '8390322668 ', 'ankita.jhudele@gmail.com ', '5f4dcc3b5aa765d61d8327deb882cf99'),
(80, 'Ashwini5192 ', 'Ashwini ', 'Kamlesh ', 'Bokade ', 8, 'AsstProfessor ', '7019725192 ', 'ashwinibokade@gmail.com ', '5f4dcc3b5aa765d61d8327deb882cf99'),
(81, 'Priyanka2171 ', 'Priyanka ', 'Vijay ', 'Dagadhkair ', 6, 'AsstProfessor ', '7820862171 ', 'dagadkhairpriyaa@gmail.com ', '5f4dcc3b5aa765d61d8327deb882cf99'),
(82, 'Soniya4798 ', 'Soniya ', 'Ravindra ', 'Dhotre ', 6, 'AsstProfessor ', '9970204798 ', 'soniya12dhotre@gmail.com ', '5f4dcc3b5aa765d61d8327deb882cf99'),
(83, 'Kalyani9802 ', 'Kalyani ', 'Rajabhau ', 'Gawande ', 3, 'AsstProfessor ', '8668609802 ', 'gawandekalyani843@gmail.com ', '5f4dcc3b5aa765d61d8327deb882cf99'),
(84, 'Mahadeva6050 ', 'Mahadeva ', 'N ', 'Reddy ', 7, 'AsstProfessor ', '8983556050 ', 'mreddykudge04@gmail.com ', '5f4dcc3b5aa765d61d8327deb882cf99'),
(85, 'Mahesh7290 ', 'Mahesh ', 'Dadaso ', 'Joshi ', 7, 'AsstProfessor ', '7709527290 ', 'jmahesh2891@gmail.com ', '5f4dcc3b5aa765d61d8327deb882cf99'),
(86, 'Ganga7625', 'Ganga ', 'Nandakumar ', 'Yadawad ', 3, 'AsstProfessor ', '8105767625 ', 'gnyadwad@gmai.com ', '5f4dcc3b5aa765d61d8327deb882cf99'),
(87, 'Dipak9098 ', 'Dipak ', 'Dilip ', 'Lolge ', 7, 'AsstProfessor ', '9975699098 ', 'deepaklolage@gmail.com ', '5f4dcc3b5aa765d61d8327deb882cf99'),
(88, 'Amruta3876 ', 'Amruta ', 'Pravin ', 'Rananaware ', 7, 'AsstProfessor ', '9767393876 ', 'apr2393@gmail.com ', '5f4dcc3b5aa765d61d8327deb882cf99'),
(89, 'Jahir4704 ', 'Jahir ', 'Abbas ', 'Shaikh ', 7, 'AsstProfessor ', '9049904704 ', 'jahiershaikh@gmail.com ', '5f4dcc3b5aa765d61d8327deb882cf99'),
(90, 'Ganesh4306 ', 'Ganesh ', 'N ', 'Kulkarni ', 7, 'AsstProfessor ', '9036384306 ', 'ganeshkulkarni340@gmail.com ', '5f4dcc3b5aa765d61d8327deb882cf99'),
(91, 'Nitin7358 ', 'Nitin ', 'Raghunath ', 'Zinzurke ', 3, 'AsstProfessor ', '9881577358 ', 'ni3zinzurke2017@gmail.com ', '5f4dcc3b5aa765d61d8327deb882cf99'),
(92, 'Arun5213 ', 'Arun ', 'Bhau ', 'Ghandat ', 3, 'AsstProfessor ', '7972635213 ', 'ghandat@gmail.com ', '5f4dcc3b5aa765d61d8327deb882cf99'),
(93, 'Swati7930 ', 'Swati ', 'Ganpatrao ', 'Salunkhe ', 3, 'AsstProfessor ', '7709907930 ', 'swatisalunkhe54@gmail.com ', '5f4dcc3b5aa765d61d8327deb882cf99'),
(94, 'Hiremath9841 ', 'Hiremath ', 'Shivamurthy ', 'Karabasayya ', 3, 'AsstProfessor ', '9765069841 ', 'skhanda@rediffmail.com ', '5f4dcc3b5aa765d61d8327deb882cf99'),
(95, 'Sayali3461 ', 'Sayali ', 'Ashok ', 'Shivarkar ', 3, 'AsstProfessor ', '9850383461 ', 'sayalishivarkar20@gmail.com ', '5f4dcc3b5aa765d61d8327deb882cf99'),
(96, 'Shikha9867 ', 'Shikha ', 'N ', 'Dwivedi ', 3, 'AsstProfessor ', '7798799867 ', 'engg.shikha01@gmail.com ', '5f4dcc3b5aa765d61d8327deb882cf99'),
(97, 'Shubhangi5005 ', 'Shubhangi ', 'Rahul ', 'Gaikwad ', 3, 'AsstProfessor ', '9112395005 ', 'tambeshubhangis@gmail.com ', '5f4dcc3b5aa765d61d8327deb882cf99'),
(98, 'Supriya4963 ', 'Supriya ', 'Chandrakant ', 'Jadhav ', 3, 'AsstProfessor ', '7397824963 ', 'supriyaj073@gmail.com ', '5f4dcc3b5aa765d61d8327deb882cf99'),
(99, 'Annapurna9220 ', 'Annapurna ', 'N ', 'Shome ', 2, 'TPO ', '8698499220 ', 'annapurnashome@gmail.com ', '5f4dcc3b5aa765d61d8327deb882cf99'),
(100, 'Aishwraya3855', 'Aishwraya', 'Gawand', 'Bhimaraj', 8, 'AsstProfessor', '9975563855', 'aish_warya3@yahoo.co.in', '5f4dcc3b5aa765d61d8327deb882cf99'),
(101, 'Manish0405', 'Manish', 'Gardi', 'Subhash', 8, 'AsstProfessor', '9890570405', 'manishgardi@gmail.com', '5f4dcc3b5aa765d61d8327deb882cf99'),
(102, 'Rajiv5846', 'Rajiv', 'Mhamane', 'Haridas', 8, 'AsstProfessor', '9970395846', 'rajiv_india2007@rediffmail.com', '5f4dcc3b5aa765d61d8327deb882cf99'),
(103, 'Dipali3905', 'Dipali', 'Kolhe', 'Kisan', 8, 'AsstProfessor', '9975563905', 'dip26ash@gmail.com', '5f4dcc3b5aa765d61d8327deb882cf99'),
(104, 'Madhavi0621', 'Madhavi', 'Rane', 'Manoj', 8, 'AsstProfessor', '7276240621', 'madhavirane2008@gmail.com', '5f4dcc3b5aa765d61d8327deb882cf99'),
(105, 'Archana7351', 'Archana', 'Sable', 'Govindrao', 8, 'AsstProfessor', '9004357351', 'archana672006@gmail.com', '5f4dcc3b5aa765d61d8327deb882cf99'),
(106, 'Dilip9548', 'Vivek', 'Malwade', 'Dilip', 8, 'AsstProfessor', '8793559548', 'vivekmalwade2009@gmail.com', '5f4dcc3b5aa765d61d8327deb882cf99'),
(107, 'Sharmila5540', 'Sharmila', 'Dhamal', 'Shivajirao', 8, 'AsstProfessor', '9423245540', 'sharmilad80@gmail.com', '5f4dcc3b5aa765d61d8327deb882cf99'),
(108, 'Sonali9923', 'Sonali', 'Patil', 'Amol', 8, 'AsstProfessor', '9545859923', 'sonali223@yahoo.co.in', '5f4dcc3b5aa765d61d8327deb882cf99'),
(109, 'Sudhir9364', 'Sudhir', 'Rangari', 'Ramrao', 8, 'AsstProfessor', '9766979364', 'rangari.sr@gmail.com', '5f4dcc3b5aa765d61d8327deb882cf99'),
(110, 'Anupama9126', 'Anupama', 'Keskar', 'Ashok', 8, 'AsstProfessor', '9561679126', 'anupama.keskar1@gmail.com', '5f4dcc3b5aa765d61d8327deb882cf99'),
(111, 'Vanita3361', 'Vanita', 'Liman', 'A', 8, 'AsstProfessor', '7719983361', 'vanitalimanamol@gmail.com', '5f4dcc3b5aa765d61d8327deb882cf99'),
(112, 'Ravindra3544', 'Ravindra', 'Yadav', 'N', 5, 'AsstProfessor', '9975653544', 'ravi.4108t@gmail.com', '5f4dcc3b5aa765d61d8327deb882cf99'),
(113, 'VEERESH3410', 'VEERESH', 'G', 'N', 7, 'AsstProfessor', '9611343410', 'veereshmlub@gmail.com', '5f4dcc3b5aa765d61d8327deb882cf99'),
(114, 'Vanita5054', 'Vanita', 'Pote', 'Sanjay', 8, 'AsstProfessor', '9561505054', 'vanitapote1993@gmail.com', '5f4dcc3b5aa765d61d8327deb882cf99'),
(115, 'Pramod0400', 'Pramod', 'Yadav', 'Dilip', 8, 'AsstProfessor', '7507360400', 'pramodmath29@gmail.com', '5f4dcc3b5aa765d61d8327deb882cf99'),
(116, 'Rakesh1457', 'Rakesh', 'Wakechaure', 'Bhausaheb', 8, 'AsstProfessor', '9049151457', 'wakchaurerakesh@gmail.com', '5f4dcc3b5aa765d61d8327deb882cf99'),
(117, 'Santosh9874', 'Santosh', 'Latthe', 'Bandu', 8, 'AsstProfessor', '7709869874', 'jaysantosh205@gmail.com', '5f4dcc3b5aa765d61d8327deb882cf99'),
(118, 'Shweta9777', 'Shweta', 'Jadhav', 'Shital', 8, 'AsstProfessor', '9730329777', 'shw_sonam@yahoo.co.in', '5f4dcc3b5aa765d61d8327deb882cf99'),
(119, 'Priyanka0034', 'Priyanka', 'Pawar', 'Prashant', 8, 'AsstProfessor', '8999980034', 'priyankashitole16@gmail.com', '5f4dcc3b5aa765d61d8327deb882cf99'),
(120, 'Abhijit1870', 'Abhijit', 'Kamble', 'Gautam', 8, 'AsstProfessor', '9325151870', 'kambleabhijit915@gmail.com', '5f4dcc3b5aa765d61d8327deb882cf99'),
(121, 'Suresh1543', 'Suresh', 'Dalal', 'Chandrakant', 8, 'AsstProfessor', '9923781543', 'dalalsuresh79@gmail.com', '5f4dcc3b5aa765d61d8327deb882cf99'),
(122, 'Yogita0435', 'Yogita', 'Yadav', 'Pramod', 8, 'AsstProfessor', '9767110435', 'yogitawakchaure99@gmail.com', '5f4dcc3b5aa765d61d8327deb882cf99'),
(123, 'Anil0326', 'Anil', 'Pole', 'Bhashkarrao', 9, 'Library', '8888850326', 'polranilbhashkarrao@gamil.com', '5f4dcc3b5aa765d61d8327deb882cf99'),
(124, 'Gauri4159', 'Gauri', 'Mane', 'Kush', 8, 'AsstProfessor', '7843074159', 'manegk11@gmail.com', '5f4dcc3b5aa765d61d8327deb882cf99'),
(125, 'Suneeta8856', 'Suneeta', 'Phadkule', 'Vivek', 7, 'AsstProfessor', '9422538856', 'Suneetaphadkule@yahoo.co.in', '5f4dcc3b5aa765d61d8327deb882cf99'),
(126, 'Pradeep2844', 'Pradeep', 'Patil', 'Anandrao', 7, 'AsstProfessor', '9765542844', 'paptil73@yahoo.co.in', '5f4dcc3b5aa765d61d8327deb882cf99'),
(127, 'Prakash4824', 'Prakash', 'Kadam', 'Goplarao', 7, 'AsstProfessor', '9823204824', 'pgkadam@gmail.com', '5f4dcc3b5aa765d61d8327deb882cf99'),
(128, 'Nilesh3885', 'Nilesh', 'Alone', 'Uttamrao', 7, 'AsstProfessor', '9881933885', 'alonenilesh@gmail.com', '5f4dcc3b5aa765d61d8327deb882cf99'),
(129, 'Mahesh0955', 'Mahesh', 'Gaikwad', 'Krishna', 7, 'AsstProfessor', '9822280955', 'maheshgaikwad0531@yahoo.com', '5f4dcc3b5aa765d61d8327deb882cf99'),
(130, 'Pradnya0358', 'Pradnya', 'Kosbe', 'Eknath', 7, 'AsstProfessor', '8975570358', 'pradnyakosbe@gmail.com', '5f4dcc3b5aa765d61d8327deb882cf99'),
(192, 'Laxman7745', 'Laxman', 'Mane', 'Narayan', 7, 'AsstProfessor', '9922747745', 'laxmanmanegfm@gmail.com', '5f4dcc3b5aa765d61d8327deb882cf99'),
(193, 'Survana9598', 'Survana', 'Ghadge', 'Shivaji', 7, 'AsstProfessor', '9822739598', 'suvarnaghadge@rediffmail.com', '5f4dcc3b5aa765d61d8327deb882cf99'),
(194, 'Sandeep3840', 'Sandeep', 'Patil', 'Bhaskar', 7, 'AsstProfessor', '9960833840', 'sandeepbpatil85@gmail.com', '5f4dcc3b5aa765d61d8327deb882cf99'),
(195, 'Shivanand6270', 'Shivanand', 'Talwar', 'Shivpura', 7, 'AsstProfessor', '8884696270', 'shivanad.talwar@gmail.com', '5f4dcc3b5aa765d61d8327deb882cf99'),
(196, 'Shekhar0060', 'Shekhar', 'Gulwade', 'Rajendra', 7, 'AsstProfessor', '9960580060', 'shekhar.gulwade@yahoo.com', '5f4dcc3b5aa765d61d8327deb882cf99'),
(197, 'Mahesh0753', 'Mahesh', 'Shinde', 'Chandrabhan', 7, 'AsstProfessor', '9970160753', 'maheshcshinde002@gmail.com', '5f4dcc3b5aa765d61d8327deb882cf99'),
(198, 'Vijaya6831', 'Vijaya', 'Avati', 'Narsu', 7, 'AsstProfessor', '9730986831', 'vijaya.avati1710@gmail.com', '5f4dcc3b5aa765d61d8327deb882cf99'),
(199, 'Amol8908', 'Amol', 'Yadav', 'Parshuram', 7, 'AsstProfessor', '8600418908', 'amolyadav888@gmail.com', '5f4dcc3b5aa765d61d8327deb882cf99'),
(200, 'Parmveer1171', 'Parmveer', 'Patil', 'Nanaji', 7, 'AsstProfessor', '7447791171', 'param.patil12@gmail.com', '5f4dcc3b5aa765d61d8327deb882cf99'),
(201, 'Siddhesh8952', 'Siddhesh', 'Bandekar', 'Chandrakant', 7, 'AsstProfessor', '9579368952', 'sidl3cbandekar@gmail.com', '5f4dcc3b5aa765d61d8327deb882cf99'),
(202, 'Vijay5246', 'Vijay', 'Kharade', 'Gulab', 7, 'AsstProfessor', '9763225246', 'vijaykharade96@gmail.com', '5f4dcc3b5aa765d61d8327deb882cf99'),
(203, 'Pravin3876', 'Pravin', 'Amruta', 'Rananaware', 7, 'AsstProfessor', '9767393876', 'apr2393@gmail.com', '5f4dcc3b5aa765d61d8327deb882cf99'),
(204, 'Priyanka4968', 'Priyanka', 'Barde', 'Sanjay', 7, 'AsstProfessor', '7507794968', 'pbarde4@gmail.com', '5f4dcc3b5aa765d61d8327deb882cf99'),
(205, 'Renuka6322', 'Renuka', 'Kanojiya', 'Suiraj', 7, 'AsstProfessor', '8623876322', 'renukasurajkanojiya@gmail.com', '5f4dcc3b5aa765d61d8327deb882cf99'),
(206, 'Irfan3857', 'Irfan', 'Pathan', 'Shamshoddin', 7, 'AsstProfessor', '9665803857', 'erfanpathan2651@gmail.com', '5f4dcc3b5aa765d61d8327deb882cf99'),
(207, 'Poonam3740', 'Poonam', 'Lambhate', 'Dayanand', 3, 'AsstProfessor', '9975563740', 'pinu_poonam@yahoo.co.in', '5f4dcc3b5aa765d61d8327deb882cf99'),
(208, 'Shankar2706', 'Shankar', 'Chaudhary', 'Bhimrao', 3, 'AsstProfessor', '8669152706', 'sbchaudhari@yahoo.com', '5f4dcc3b5aa765d61d8327deb882cf99'),
(209, 'Sharmila4961', 'Sharmila', 'Shinde', 'Manik', 3, 'AsstProfessor', '8237464961', 'sharmi_anand@uahoo.co.uk', '5f4dcc3b5aa765d61d8327deb882cf99'),
(210, 'Dattaray3390', 'Dattaray', 'Waghole', 'Sambhaji', 3, 'AsstProfessor', '7387993390', 'dattawaghole10@gmail.com', '5f4dcc3b5aa765d61d8327deb882cf99'),
(211, 'Madhav3721', 'Madhav', 'Ingale', 'Dattaraya', 3, 'AsstProfessor', '9975563721', 'ingle.madhav@gmail.com', '5f4dcc3b5aa765d61d8327deb882cf99'),
(212, 'Sachin6293', 'Sachin', 'Kangutkar', 'Sahadeo', 3, 'TPO', '9822646293', 's.kangutkar@gmail.com', '5f4dcc3b5aa765d61d8327deb882cf99'),
(213, 'Smita8565', 'Smita', 'Wagh', 'Sitaram', 3, 'AsstProfessor', '8669508565', 'smitawagh191992@gmail.com', '5f4dcc3b5aa765d61d8327deb882cf99'),
(214, 'Jayshree5790', 'Jayshree', 'Muley', 'Dnyandeo', 3, 'AsstProfessor', '9767645790', 'jayshreemuley123@gmail.com', '5f4dcc3b5aa765d61d8327deb882cf99'),
(215, 'Ashvini3164', 'Ashvini', 'Dake', 'Ramnath', 3, 'AsstProfessor', '7972273164', 'ashvinidake62@gmail.com', '5f4dcc3b5aa765d61d8327deb882cf99'),
(216, 'Nikita1311', 'Nikita', 'Gosavi', 'Akshay', 3, 'AsstProfessor', '7841961311', 'nikitagosavi1113@gmail.com', '5f4dcc3b5aa765d61d8327deb882cf99'),
(217, 'Rupali2034', 'Rupali', 'Dupade', 'Shrikant', 3, 'AsstProfessor', '9822032034', 'pawarrupa22@gmail.com', '5f4dcc3b5aa765d61d8327deb882cf99'),
(218, 'Mansi1327', 'Mansi', 'Bhonsle', 'Sameel', 3, 'AsstProfessor', '7741041327', 'mansibhonsle@gmail.com', '5f4dcc3b5aa765d61d8327deb882cf99'),
(219, 'Shubhangi7848', 'Shubhangi', 'Malas', 'Gajanan', 3, 'AsstProfessor', '7620067848', 'shubhanimalas1@gmail.com', '5f4dcc3b5aa765d61d8327deb882cf99'),
(220, 'Ketki7389', 'Ketki', 'Jadhav', 'Ramesh', 3, 'AsstProfessor', '8805277389', 'ketkijadhav174@gmail.com', '5f4dcc3b5aa765d61d8327deb882cf99'),
(221, 'Dhanashri2863', 'Dhanashri', 'Gund', 'Vikas', 3, 'AsstProfessor', '8767752863', 'dhanashritube@gmail.com', '5f4dcc3b5aa765d61d8327deb882cf99'),
(222, 'Divya3992', 'Divya', 'Punwantwar', 'Kishor', 3, 'AsstProfessor', '8208123992', 'divyapunwantwar@gmail.com', '5f4dcc3b5aa765d61d8327deb882cf99'),
(223, 'Kanhayyalal0718', 'Kanhayyalal', 'Barbole', 'Navnath', 4, 'AsstProfessor', '9422070718', 'kanhayyalal@yahoo.com', '5f4dcc3b5aa765d61d8327deb882cf99'),
(224, 'Shailesh5715', 'Shailesh', 'Hambarde', 'Madhukar', 4, 'AsstProfessor', '9730475715', 'shaileshhambarde@gmail.com', '5f4dcc3b5aa765d61d8327deb882cf99'),
(225, 'Dharmraj0809', 'Dharmraj', 'Salunke', 'Bhimrao', 4, 'AsstProfessor', '9881300809', 'bdsalunke@gmail.com', '5f4dcc3b5aa765d61d8327deb882cf99'),
(260, 'Rajesh8449', 'Rajesh', 'Navandar', 'Kedarnath', 4, 'AsstProfessor', '9604508449', 'Rajesh_navandar@rediffmail.com', '5f4dcc3b5aa765d61d8327deb882cf99'),
(261, 'Rohit4770', 'Rohit', 'Gawade', 'Dilip', 4, 'AsstProfessor', '9960824770', 'rohitgawade7788@gmail.com', '5f4dcc3b5aa765d61d8327deb882cf99'),
(262, 'Vijay4213', 'Vijay', 'Sardar', 'Madhukar', 4, 'AsstProfessor', '9850794213', 'vijay.sardar11@gmail.com', '5f4dcc3b5aa765d61d8327deb882cf99'),
(263, 'Pratima3868', 'Pratima', 'Kalyankar', 'Purushottam', 4, 'AsstProfessor', '9975563868', 'p-gumaste@rediffmail.com', '5f4dcc3b5aa765d61d8327deb882cf99'),
(264, 'Devendra4205', 'Devendra', 'Ingale', 'Gajananrao', 4, 'AsstProfessor', '9689934205', 'ingale.dg@gmail.com', '5f4dcc3b5aa765d61d8327deb882cf99'),
(265, 'Sanchita3848', 'Sanchita', 'Pange', 'Madhukar', 4, 'AsstProfessor', '9975563848', 'svr410@gmail.com', '5f4dcc3b5aa765d61d8327deb882cf99'),
(266, 'Varsha3309', 'Varsha', 'Lembhe', 'Vasantrao', 4, 'AsstProfessor', '9422023309', 'varshame.mae@gmail.com', '5f4dcc3b5aa765d61d8327deb882cf99'),
(267, 'Satish0715', 'Satish', 'Malewar', 'Vasantrao', 4, 'AsstProfessor', '9975170715', 'satish.malewar@rediffmail.com', '5f4dcc3b5aa765d61d8327deb882cf99'),
(268, 'Balbhim4443', 'Balbhim', 'Biradar', 'Shivajirao', 4, 'AsstProfessor', '8308284443', 'balbhims.biradar@gmail.com', '5f4dcc3b5aa765d61d8327deb882cf99'),
(269, 'Sachin9935', 'Sachin', 'Mahulkar', 'Shriram', 4, 'AsstProfessor', '9923359935', 'ssmahulkar@gmail.com', '5f4dcc3b5aa765d61d8327deb882cf99'),
(270, 'Priyanka7707', 'Priyanka', 'Nikam', 'Pandurang', 4, 'AsstProfessor', '9075817707', 'priyankashinde2407@gmail.com', '5f4dcc3b5aa765d61d8327deb882cf99'),
(271, 'Trusha8685', 'Trusha', 'Wagh', 'Ram', 4, 'AsstProfessor', '8550968685', 'waghtrusha15@gmail.com', '5f4dcc3b5aa765d61d8327deb882cf99'),
(272, 'Vasant2100', 'Vasant', 'Bugade', 'Apparao', 5, 'AsstProfessor', '9763722100', 'vabugade@gmail.com', '5f4dcc3b5aa765d61d8327deb882cf99'),
(273, 'Namdev6770', 'Namdev', 'Padulkar', 'Ganpati', 5, 'AsstProfessor', '9890716770', 'padulkar_ng@rediffmail.com', '5f4dcc3b5aa765d61d8327deb882cf99'),
(274, 'Priya8468', 'Priya', 'Gokhale', 'Nitin', 5, 'AsstProfessor', '9049458468', 'pngokhale2003@yahoo.co.in', '5f4dcc3b5aa765d61d8327deb882cf99'),
(275, 'Pramod8115', 'Pramod', 'Todakar', 'Nilkanth', 5, 'AsstProfessor', '9665788115', 'pntodkar2012@rediffmail.com', '5f4dcc3b5aa765d61d8327deb882cf99'),
(276, 'Nachiket8479', 'Nachiket', 'Tayade', 'Vijay', 5, 'AsstProfessor', '9021068479', 'nv_tayade@yahoo.in', '5f4dcc3b5aa765d61d8327deb882cf99'),
(277, 'Kiran5257', 'Kiran', 'Nandargi', 'Naganath', 5, 'AsstProfessor', '9096785257', 'kiran_nandargi@rediffmail.com', '5f4dcc3b5aa765d61d8327deb882cf99'),
(278, 'Swapnil7872', 'Swapnil', 'Darandale', 'A', 5, 'AsstProfessor', '9561887872', 'swaplnil00019@gmail.com', '5f4dcc3b5aa765d61d8327deb882cf99'),
(279, 'Rahul5028', 'Rahul', 'Dalvi', 'Shivaji', 5, 'AsstProfessor', '9960535028', 'rahuldalvi2311@gmail.com', '5f4dcc3b5aa765d61d8327deb882cf99'),
(280, 'Ajit9444', 'Ajit', 'Bansode', 'Manohar', 5, 'AsstProfessor', '8600019444', 'ajitbansode@gmail.com', '5f4dcc3b5aa765d61d8327deb882cf99'),
(281, 'Chetana7220', 'Chetana', 'Kelkar', 'Sunil', 5, 'AsstProfessor', '9637757220', 'chetanakelkar@gmail.com', '5f4dcc3b5aa765d61d8327deb882cf99'),
(282, 'Rajesh4903', 'Rajesh', 'Waghulde', 'Rupchand', 5, 'AsstProfessor', '8275454903', 'waghulderajesh10@gmail.com', '5f4dcc3b5aa765d61d8327deb882cf99'),
(283, 'Sachin5900', 'Sachin', 'Todkari', 'Vishwanath', 6, 'AsstProfessor', '9922135900', 'sachintodkari@gmail.com', '5f4dcc3b5aa765d61d8327deb882cf99'),
(284, 'Sandip4458', 'Sandip', 'Satav', 'Dattatraya', 6, 'AsstProfessor', '9665874458', 'sandy_satav@yahoo.co.in', '5f4dcc3b5aa765d61d8327deb882cf99'),
(285, 'Aruna3502', 'Aruna', 'Gupta', 'Kailashnath', 6, 'AsstProfessor', '9860953502', 'arunag7@gmail.com', '5f4dcc3b5aa765d61d8327deb882cf99'),
(286, 'Sumedha6787', 'Sumedha', 'Ayachit', 'Umakant', 6, 'AsstProfessor', '9850286787', 'sumedhaayachit2012@gmail.com', '5f4dcc3b5aa765d61d8327deb882cf99'),
(287, 'Madhuri0277', 'Madhuri', 'Gawali', 'Kerappa', 6, 'AsstProfessor', '8888890277', 'madhurigawali31@gmail.com', '5f4dcc3b5aa765d61d8327deb882cf99'),
(288, 'Arti0081', 'Arti', 'Kale', 'Kashinath', 6, 'AsstProfessor', '8421690081', 'ara87ti@gmail.com', '5f4dcc3b5aa765d61d8327deb882cf99'),
(289, 'Dipti9540', 'Dipti', 'Gaikwad', 'Ajitkumar', 6, 'AsstProfessor', '8855929540', 'diptisawant12@gmail.com', '5f4dcc3b5aa765d61d8327deb882cf99'),
(290, 'Swati7010', 'Swati', 'Bagul', 'Astik', 6, 'AsstProfessor', '9421637010', 'swatibagul88@gmail.com', '5f4dcc3b5aa765d61d8327deb882cf99'),
(291, 'Sanjay9999', 'Sanjay', 'Sawant', 'Kalidas', 2, 'AsstProfessor', '9767999999', 'sanjaysawant@gmail.com', '5f4dcc3b5aa765d61d8327deb882cf99'),
(292, 'Rahul8569', 'Rahul', 'Kumavat', 'Mangal', 2, 'AsstProfessor', '8888228569', 'kumavatrahul@gmail.com', '5f4dcc3b5aa765d61d8327deb882cf99'),
(293, 'Indrani7576', 'Indrani', 'More', 'N', 2, 'AsstProfessor', '9850207576', 'inanimore80@gmail.com', '5f4dcc3b5aa765d61d8327deb882cf99'),
(294, 'Shilpa7252', 'Shilpa', 'Borde', 'Nandkumar', 1, 'AsstProfessor', '9011037252', 'bordes@gmail.com', '5f4dcc3b5aa765d61d8327deb882cf99'),
(295, 'Anil9305', 'Anil', 'Gaikwad', 'Pandurang', 1, 'AsstProfessor', '9890309305', 'anilgaikwad2@gmail.com', '5f4dcc3b5aa765d61d8327deb882cf99'),
(296, 'Satish5940', 'Satish', 'Kulkarni', 'Gunderao', 1, 'AsstProfessor', '8793825940', 'kulksatish@gmail.com', '5f4dcc3b5aa765d61d8327deb882cf99'),
(297, 'Rjendra5150', 'Rjendra', 'Dhokaere', 'Ulas', 8, 'AsstProfessor', '8275445150', 'dhokare66@gmail.com', '5f4dcc3b5aa765d61d8327deb882cf99'),
(298, 'Kalyani4448', 'Kalyani', 'Khobragade', 'N', 8, 'AsstProfessor', '8451894448', 'kalyanikhenekar@gmail.com', '5f4dcc3b5aa765d61d8327deb882cf99'),
(299, 'Trupti7097', 'Trupti', 'Bidave', 'Prakash', 8, 'AsstProfessor', '9637357097', 'truptibidave23@gmail.com', '5f4dcc3b5aa765d61d8327deb882cf99'),
(300, 'Vrushali8787', 'Vrushali', 'Gaikwad', 'S', 8, 'AsstProfessor', '8879998787', 'vdargode@gmail.com', '5f4dcc3b5aa765d61d8327deb882cf99'),
(301, 'Suvrana4644', 'Suvrana', 'Wakure', 'Ashokrao', 4, 'AsstProfessor', '8275304644', 'Suvarnav1111@gmail.com', '5f4dcc3b5aa765d61d8327deb882cf99'),
(302, 'Kavita5942', 'Kavita', 'Ghuge', 'Vitthalrao', 4, 'AsstProfessor', '8623805942', 'kavitaghuge1996kg@gmail.com', '5f4dcc3b5aa765d61d8327deb882cf99'),
(303, 'Mrunal1034', 'Mrunal', 'Deshkar', 'Kiran', 5, 'AsstProfessor', '9404951034', '..deshkar16@gmail.com', '5f4dcc3b5aa765d61d8327deb882cf99'),
(304, 'Vishwas4979', 'Vishwas', 'Kalunge', 'Vitthal', 6, 'AsstProfessor', '9860684979', 'vv.kalunge@gmail.com', '5f4dcc3b5aa765d61d8327deb882cf99'),
(305, 'Shrikant0192', 'Shrikant', 'Honade', 'Jagdish', 4, 'AsstProfessor', '9764250192', 'sjhonade@gmail.com', '5f4dcc3b5aa765d61d8327deb882cf99'),
(306, 'Radhika6336', 'Radhika', 'Shinde', 'Vipul', 3, 'AsstProfessor', '9764906336', 'radhikabhosale277@gmail.com', '5f4dcc3b5aa765d61d8327deb882cf99'),
(307, 'Pallavi5454', 'Pallavi', 'Chavan', 'Laxmikant', 3, 'AsstProfessor', '88511045454', 'pallavichavan1707@gmail.com', '5f4dcc3b5aa765d61d8327deb882cf99'),
(308, 'Priyanka5531', 'Priyanka', 'Kene', 'Ramesh', 3, 'AsstProfessor', '9923955531', 'prikene@gmail.com', '5f4dcc3b5aa765d61d8327deb882cf99'),
(309, 'Shashank1154', 'Shashank', 'Choudhari', 'Shashikant', 7, 'AsstProfessor', '9028501154', 'shashankchoudhari@gmail.com', '5f4dcc3b5aa765d61d8327deb882cf99'),
(310, 'Tushar4838', 'Tushar', 'Mote', 'Suresh', 4, 'AsstProfessor', '9890194838', 'motetushar@yahoo.com', '5f4dcc3b5aa765d61d8327deb882cf99'),
(311, 'Sujata7284', 'Sujata', 'Patil', 'Ramrao', 1, 'AsstProfessor', '7387557284', 'sujata59@gmail.com', '5f4dcc3b5aa765d61d8327deb882cf99'),
(312, 'Eknath1414', 'Eknath', 'Aitavade', 'Nivrutti', 7, 'AsstProfessor', '8208801414', 'enaait@yahoo.co.in', '5f4dcc3b5aa765d61d8327deb882cf99'),
(318, 'Pranav0294', 'Pranav', 'Chandrakant', 'Pathare', 1, 'Asstprofessor ', '9511740294', 'pranav@mail.com', '26526131322dc0cb4d45116b57fb3303');

commit;